[
  {
    "categoria": "Segnaletica Stradale",
    "blocco": 15050,
    "domande": [
        {"testo": "Il segnale 'svolta a destra' obbliga i veicoli a svoltare nella direzione indicata","immagine": "img/sings/svolta_destra.ppm","risposta": true},
        {"testo": "Il segnale 'STOP' obbliga a fermarsi e dare la precedenza","immagine": "img/sings/stop_320m.ppm","risposta": true},
        {"testo": "Il segnale 'limite 50 km/h' indica la velocità massima consentita","immagine": "img/sings/limite_50.ppm","risposta": true},
        {"testo": "Il segnale 'limite 30 km/h' indica una velocità consigliata","immagine": "img/sings/limite_30.ppm","risposta": false},
        {"testo": "Il segnale 'fine precedenza' indica la fine del diritto di precedenza","immagine": "img/sings/Fine_precedenza.ppm","risposta": true},
        {"testo": "Il segnale 'divieto di sorpasso' vieta il sorpasso a tutti i veicoli","immagine": "img/sings/Divieto_sorpasso.ppm","risposta": false},
        {"testo": "Il segnale 'divieto di accesso' vieta l’ingresso in una strada da quella direzione","immagine": "img/sings/Divieto_accesso.ppm","risposta": true},
        {"testo": "Il segnale 'diritto di precedenza' indica che si ha la precedenza nei sensi unici alternati","immagine": "img/sings/Diritto_precedenza.ppm","risposta": true},
        {"testo": "Il segnale 'dare precedenza' impone di dare la precedenza ai veicoli sulla strada principale","immagine": "img/sings/Dare_precedenza.ppm","risposta": true}
      ]
    },
    {
      "categoria": "Norme di Circolazione",
      "blocco": 16000,
      "domande": [
        {"testo": "Il sorpasso è sempre vietato nelle curve e sui dossi", "risposta": true},
        {"testo": "I pedoni hanno sempre la precedenza sulle strisce pedonali", "risposta": true},
        {"testo": "Nei centri abitati è vietato suonare il clacson, salvo situazioni di pericolo", "risposta": true},
        {"testo": "Il limite di velocità sulle autostrade in Italia è di 150 km/h", "risposta": false},
        {"testo": "È obbligatorio accendere i fari anabbaglianti durante il giorno fuori dai centri abitati", "risposta": true},
        {"testo": "In caso di nebbia fitta è obbligatorio l’uso dei fendinebbia posteriori", "risposta": true},
        {"testo": "È vietato sorpassare un'auto che sta già superando un altro veicolo", "risposta": true},
        {"testo": "La distanza di sicurezza tra veicoli deve essere sempre di almeno 100 metri", "risposta": false},
        {"testo": "In una strada con più corsie per senso di marcia, i veicoli più lenti devono sempre stare sulla corsia di destra", "risposta": true}
      ]
    },
    {
      "categoria": "Sicurezza Stradale",
      "blocco": 17000,
      "domande": [
        {"testo": "L’uso della cintura di sicurezza è obbligatorio solo per il conducente", "risposta": false},
        {"testo": "I seggiolini per bambini sono obbligatori fino a 12 anni o 150 cm di altezza", "risposta": true},
        {"testo": "La distanza di sicurezza deve essere maggiore in caso di pioggia", "risposta": true},
        {"testo": "I pneumatici invernali sono obbligatori dal 15 novembre al 15 aprile in molte zone d’Italia", "risposta": true},
        {"testo": "Il tasso alcolemico massimo consentito per i neopatentati è 0,5 g/l", "risposta": false},
        {"testo": "L’uso del casco è obbligatorio per tutti i conducenti di motocicli di qualsiasi cilindrata", "risposta": true},
        {"testo": "È vietato usare il telefono alla guida, anche con il vivavoce", "risposta": false},
        {"testo": "I veicoli devono essere dotati di triangolo di emergenza e giubbotto rifrangente", "risposta": true},
        {"testo": "Le luci di emergenza devono essere accese in caso di forte nebbia", "risposta": true}
      ]
    },
    {
      "categoria": "Motocicli",
      "blocco": 11030,
      "domande": [
        {"testo": "I motocicli sono veicoli a due ruote", "risposta": true},
        {"testo": "I motocicli hanno cilindrata superiore a 50 cm3", "risposta": true},
        {"testo": "I ciclomotori non rientrano nella categoria dei motocicli", "risposta": true},
        {"testo": "I motocicli possono essere dotati di cambio automatico", "risposta": true},
        {"testo": "I motocicli sono soggetti a revisione dopo quattro anni dalla prima immatricolazione, successivamente ogni due anni", "risposta": true},
        {"testo": "Il casco è obbligatorio per tutti i conducenti e passeggeri di motocicli", "risposta": true},
        {"testo": "I motocicli possono circolare liberamente sulle autostrade indipendentemente dalla cilindrata", "risposta": false},
        {"testo": "È consentito il trasporto di un passeggero su un motociclo solo se il veicolo è omologato per due persone", "risposta": true},
        {"testo": "I motocicli devono essere dotati obbligatoriamente di fari anabbaglianti accesi anche di giorno", "risposta": true}
      ]
    },
    {
      "categoria": "Automobili",
      "blocco": 12040,
      "domande": [
        {"testo": "Le automobili devono avere almeno quattro ruote", "risposta": true},
        {"testo": "Un'automobile può essere guidata senza patente", "risposta": false},
        {"testo": "Il controllo periodico dei freni è importante per la sicurezza stradale", "risposta": true},
        {"testo": "Le automobili ibride utilizzano sia un motore termico che uno elettrico", "risposta": true},
        {"testo": "Il cambio automatico non esiste sulle automobili", "risposta": false},
        {"testo": "I pneumatici invernali sono obbligatori in alcune regioni durante i mesi invernali", "risposta": true},
        {"testo": "Le automobili devono essere sottoposte a revisione periodica", "risposta": true},
        {"testo": "Il motore diesel è sempre più ecologico del motore a benzina", "risposta": false},
        {"testo": "Le cinture di sicurezza sono obbligatorie solo per il conducente", "risposta": false}
      ]
    },
    {
      "categoria": "Pronto Soccorso Stradale",
      "blocco": 18050,
      "domande": [
        {"testo": "In caso di incidente è obbligatorio fermarsi e prestare soccorso", "risposta": true},
        {"testo": "Chiamare il 112 è la prima cosa da fare in caso di incidente grave", "risposta": true},
        {"testo": "È obbligatorio avere in auto il kit di pronto soccorso", "risposta": false},
        {"testo": "Il triangolo di emergenza va posizionato almeno a 50 metri dal veicolo fermo in autostrada", "risposta": true},
        {"testo": "In caso di incidente con feriti, si devono spostare immediatamente i veicoli dalla carreggiata", "risposta": false},
        {"testo": "Le luci di emergenza devono essere accese se il veicolo è fermo sulla carreggiata", "risposta": true},
        {"testo": "È obbligatorio fornire i propri dati alle autorità in caso di incidente", "risposta": true},
        {"testo": "Un testimone di un incidente deve sempre restare sul posto fino all’arrivo delle autorità", "risposta": true},
        {"testo": "I veicoli elettrici non necessitano di spegnimento in caso di incidente", "risposta": false}
      ]
    },
    {
      "categoria": "Attraversamento Pedonale",
      "blocco": 11004,
      "domande": [
        {"testo": "L’attraversamento pedonale viene segnalato con strisce bianche parallele", "risposta": true},
        {"testo": "L’attraversamento pedonale è una parte della carreggiata sulla quale è vietata la fermata dei veicoli", "risposta": true},
        {"testo": "L’attraversamento pedonale è una parte della carreggiata destinata al transito dei pedoni che attraversano", "risposta": true},
        {"testo": "I pedoni hanno sempre la precedenza sugli attraversamenti pedonali", "risposta": true},
        {"testo": "È vietato sorpassare un veicolo fermo davanti a un attraversamento pedonale", "risposta": true}
      ]
    },
    {
      "categoria": "Intersezione a Raso",
      "blocco": 11008,
      "domande": [
        {"testo": "Nell’intersezione (incrocio) a raso due o più strade si incrociano allo stesso livello", "risposta": true},
        {"testo": "L’intersezione (incrocio) a raso può essere regolata da semaforo", "risposta": true},
        {"testo": "L’intersezione (incrocio) a raso richiede di fare attenzione ai veicoli provenienti dalle strade che si incrociano", "risposta": true},
        {"testo": "Le rotonde sono un tipo di intersezione a raso", "risposta": true},
        {"testo": "A un incrocio senza segnaletica ha sempre la precedenza chi proviene da sinistra", "risposta": false}
      ]
    },
    {
      "categoria": "Intersezione a Livelli Sfalsati",
      "blocco": 11007,
      "domande": [
        {"testo": "L’intersezione (incrocio) a livelli sfalsati comprende strade situate ad altezze diverse", "risposta": true},
        {"testo": "L’intersezione (incrocio) a livelli sfalsati facilita la circolazione, perché esclude l’incrocio diretto fra i veicoli", "risposta": true},
        {"testo": "L’intersezione (incrocio) a livelli sfalsati comprende rampe, sovrappassi o sottopassi", "risposta": true},
        {"testo": "Le autostrade utilizzano spesso intersezioni a livelli sfalsati per evitare incroci a raso", "risposta": true},
        {"testo": "Le intersezioni a livelli sfalsati aumentano il rischio di incidenti rispetto agli incroci a raso", "risposta": false}
      ]
    }
]
