[
    {
        "data": "2025-04-03 19:37:46",
        "punteggio": 74.07407407407408,
        "nd": 9,
        "nc": 3,
        "domande": [
            {
                "categoria": "Segnaletica Stradale",
                "blocco": 15050,
                "testo": "Il segnale 'limite 50 km/h' indica la velocità massima consentita",
                "risposta": true,
                "risposta_corretta": true,
                "immagine": "img/sings/limite_50.ppm"
            },
            {
                "categoria": "Segnaletica Stradale",
                "blocco": 15050,
                "testo": "Il segnale 'divieto di accesso' vieta l’ingresso in una strada da quella direzione",
                "risposta": true,
                "risposta_corretta": true,
                "immagine": "img/sings/Divieto_accesso.ppm"
            },
            {
                "categoria": "Segnaletica Stradale",
                "blocco": 15050,
                "testo": "Il segnale 'limite 30 km/h' indica una velocità consigliata",
                "risposta": true,
                "risposta_corretta": false,
                "immagine": "img/sings/limite_30.ppm"
            },
            {
                "categoria": "Segnaletica Stradale",
                "blocco": 15050,
                "testo": "Il segnale 'diritto di precedenza' indica che si ha la precedenza nei sensi unici alternati",
                "risposta": true,
                "risposta_corretta": true,
                "immagine": "img/sings/Diritto_precedenza.ppm"
            },
            {
                "categoria": "Segnaletica Stradale",
                "blocco": 15050,
                "testo": "Il segnale 'divieto di sorpasso' vieta il sorpasso a tutti i veicoli",
                "risposta": true,
                "risposta_corretta": false,
                "immagine": "img/sings/Divieto_sorpasso.ppm"
            },
            {
                "categoria": "Segnaletica Stradale",
                "blocco": 15050,
                "testo": "Il segnale 'svolta a destra' obbliga i veicoli a svoltare nella direzione indicata",
                "risposta": true,
                "risposta_corretta": true,
                "immagine": "img/sings/svolta_destra.ppm"
            },
            {
                "categoria": "Segnaletica Stradale",
                "blocco": 15050,
                "testo": "Il segnale 'fine precedenza' indica la fine del diritto di precedenza",
                "risposta": true,
                "risposta_corretta": true,
                "immagine": "img/sings/Fine_precedenza.ppm"
            },
            {
                "categoria": "Segnaletica Stradale",
                "blocco": 15050,
                "testo": "Il segnale 'STOP' obbliga a fermarsi e dare la precedenza",
                "risposta": true,
                "risposta_corretta": true,
                "immagine": "img/sings/stop_320m.ppm"
            },
            {
                "categoria": "Segnaletica Stradale",
                "blocco": 15050,
                "testo": "Il segnale 'dare precedenza' impone di dare la precedenza ai veicoli sulla strada principale",
                "risposta": true,
                "risposta_corretta": true,
                "immagine": "img/sings/Dare_precedenza.ppm"
            },
            {
                "categoria": "Norme di Circolazione",
                "blocco": 16000,
                "testo": "In una strada con più corsie per senso di marcia, i veicoli più lenti devono sempre stare sulla corsia di destra",
                "risposta": true,
                "risposta_corretta": true
            },
            {
                "categoria": "Norme di Circolazione",
                "blocco": 16000,
                "testo": "È vietato sorpassare un'auto che sta già superando un altro veicolo",
                "risposta": true,
                "risposta_corretta": true
            },
            {
                "categoria": "Norme di Circolazione",
                "blocco": 16000,
                "testo": "Il limite di velocità sulle autostrade in Italia è di 150 km/h",
                "risposta": true,
                "risposta_corretta": false
            },
            {
                "categoria": "Norme di Circolazione",
                "blocco": 16000,
                "testo": "Il sorpasso è sempre vietato nelle curve e sui dossi",
                "risposta": true,
                "risposta_corretta": true
            },
            {
                "categoria": "Norme di Circolazione",
                "blocco": 16000,
                "testo": "In caso di nebbia fitta è obbligatorio l’uso dei fendinebbia posteriori",
                "risposta": true,
                "risposta_corretta": true
            },
            {
                "categoria": "Norme di Circolazione",
                "blocco": 16000,
                "testo": "Nei centri abitati è vietato suonare il clacson, salvo situazioni di pericolo",
                "risposta": true,
                "risposta_corretta": true
            },
            {
                "categoria": "Norme di Circolazione",
                "blocco": 16000,
                "testo": "I pedoni hanno sempre la precedenza sulle strisce pedonali",
                "risposta": true,
                "risposta_corretta": true
            },
            {
                "categoria": "Norme di Circolazione",
                "blocco": 16000,
                "testo": "È obbligatorio accendere i fari anabbaglianti durante il giorno fuori dai centri abitati",
                "risposta": true,
                "risposta_corretta": true
            },
            {
                "categoria": "Norme di Circolazione",
                "blocco": 16000,
                "testo": "La distanza di sicurezza tra veicoli deve essere sempre di almeno 100 metri",
                "risposta": true,
                "risposta_corretta": false
            },
            {
                "categoria": "Sicurezza Stradale",
                "blocco": 17000,
                "testo": "L’uso del casco è obbligatorio per tutti i conducenti di motocicli di qualsiasi cilindrata",
                "risposta": true,
                "risposta_corretta": true
            },
            {
                "categoria": "Sicurezza Stradale",
                "blocco": 17000,
                "testo": "La distanza di sicurezza deve essere maggiore in caso di pioggia",
                "risposta": true,
                "risposta_corretta": true
            },
            {
                "categoria": "Sicurezza Stradale",
                "blocco": 17000,
                "testo": "I veicoli devono essere dotati di triangolo di emergenza e giubbotto rifrangente",
                "risposta": true,
                "risposta_corretta": true
            },
            {
                "categoria": "Sicurezza Stradale",
                "blocco": 17000,
                "testo": "I pneumatici invernali sono obbligatori dal 15 novembre al 15 aprile in molte zone d’Italia",
                "risposta": true,
                "risposta_corretta": true
            },
            {
                "categoria": "Sicurezza Stradale",
                "blocco": 17000,
                "testo": "Il tasso alcolemico massimo consentito per i neopatentati è 0,5 g/l",
                "risposta": true,
                "risposta_corretta": false
            },
            {
                "categoria": "Sicurezza Stradale",
                "blocco": 17000,
                "testo": "L’uso della cintura di sicurezza è obbligatorio solo per il conducente",
                "risposta": true,
                "risposta_corretta": false
            },
            {
                "categoria": "Sicurezza Stradale",
                "blocco": 17000,
                "testo": "I seggiolini per bambini sono obbligatori fino a 12 anni o 150 cm di altezza",
                "risposta": false,
                "risposta_corretta": true
            },
            {
                "categoria": "Sicurezza Stradale",
                "blocco": 17000,
                "testo": "Le luci di emergenza devono essere accese in caso di forte nebbia",
                "risposta": true,
                "risposta_corretta": true
            },
            {
                "categoria": "Sicurezza Stradale",
                "blocco": 17000,
                "testo": "È vietato usare il telefono alla guida, anche con il vivavoce",
                "risposta": false,
                "risposta_corretta": false
            }
        ]
    },
    {
        "data": "2025-04-03 20:05:14",
        "punteggio": 75.0,
        "nd": 2,
        "nc": 2,
        "domande": [
            {
                "categoria": "Segnaletica Stradale",
                "blocco": 15050,
                "testo": "Il segnale 'divieto di sorpasso' vieta il sorpasso a tutti i veicoli",
                "risposta": true,
                "risposta_corretta": false,
                "immagine": "img/sings/Divieto_sorpasso.ppm"
            },
            {
                "categoria": "Segnaletica Stradale",
                "blocco": 15050,
                "testo": "Il segnale 'limite 50 km/h' indica la velocità massima consentita",
                "risposta": true,
                "risposta_corretta": true,
                "immagine": "img/sings/limite_50.ppm"
            },
            {
                "categoria": "Norme di Circolazione",
                "blocco": 16000,
                "testo": "Nei centri abitati è vietato suonare il clacson, salvo situazioni di pericolo",
                "risposta": true,
                "risposta_corretta": true
            },
            {
                "categoria": "Norme di Circolazione",
                "blocco": 16000,
                "testo": "I pedoni hanno sempre la precedenza sulle strisce pedonali",
                "risposta": true,
                "risposta_corretta": true
            }
        ]
    }
]